Machine,Job,Gap 20,Gap 10,Gap 5,Gap 0
5, 8,0.3,1.779,2.1,2.218
5, 8,0.053,0.495,0.832,1.071
5, 8,0.455,0.922,1.075,1.098
5, 8,0.729,2.47,6.196,10.563
5, 8,1.277,3.388,6.418,7.867
5, 8,1.035,2.486,5.162,6.545
5, 8,0.532,2.263,4.37,5.8
5, 8,0.219,0.911,2.338,2.754
5, 8,0.217,2.147,2.34,2.36
5, 8,0.072,0.417,0.562,0.625
5, 8,0.091,0.524,0.989,1.158
5, 8,0.039,0.674,0.929,1.292
5, 8,0.266,0.654,0.831,0.856
5, 8,0.092,0.617,1.706,1.896
5, 8,0.035,0.499,0.658,0.87
5, 8,0.097,0.609,0.635,0.69
5, 8,0.17,1.026,2.055,2.194
5, 8,0.234,0.447,0.714,0.983
5, 8,0.029,0.347,0.436,0.469
5, 8,0.677,0.93,1.674,2.069
5, 8,0.555,2.366,3.158,3.364
5, 8,0.147,2.124,5.287,6.45
5, 8,0.148,0.691,1.037,1.169
5, 8,0.063,0.463,0.956,1.292
5, 8,0.177,0.813,1.942,2.136
5, 8,0.035,0.528,0.773,0.862
5, 8,0.484,2.084,2.413,2.473
5, 8,0.138,0.688,0.958,1.008
5, 8,0.151,2.01,2.2,2.359
5, 8,0.459,1.109,2.606,3.002
5, 8,0.126,2.097,7.776,11.455
5, 8,0.073,0.821,1.227,1.542
5, 8,0.53,1.007,1.236,1.385
5, 8,0.036,0.544,0.66,0.861
5, 8,0.081,0.964,1.238,1.611
5, 8,0.381,0.743,2.088,2.302
5, 8,0.087,0.954,2.351,2.641
5, 8,0.084,0.759,0.961,1.128
5, 8,0.258,2.787,9.355,10.595
5, 8,0.169,0.505,0.759,0.842
5, 8,0.878,1.178,1.534,1.691
5, 8,0.073,0.628,0.965,1.383
5, 8,0.108,0.83,1.735,1.896
5, 8,0.08,0.537,0.914,1.453
5, 8,0.098,0.784,1.063,1.181
5, 8,0.151,1.839,2.718,3.419
5, 8,1.093,2.479,3.66,4.188
5, 8,0.812,2.395,5.301,7.234
5, 8,0.195,0.612,2.298,2.641
5, 8,0.099,0.694,0.855,1.02
5, 8,0.025,0.532,0.694,0.861
5, 8,0.485,1.787,3.562,5.027
5, 8,0.245,0.761,0.871,0.928
5, 8,0.196,0.765,2.032,2.37
5, 8,0.145,1.439,2.958,4.388
5, 8,0.043,0.519,0.843,0.944
5, 8,0.386,2,2.812,3.298
5, 8,0.144,0.673,1.141,1.42
5, 8,0.059,0.476,0.766,1.033
5, 8,0.874,2.354,2.623,2.767
5, 8,0.301,0.442,0.489,0.552
5, 8,0.126,0.95,2.19,2.636
5, 8,0.075,0.933,2.299,2.605
5, 8,0.175,1.358,2.71,3.45
5, 8,0.161,1.425,1.808,2.074
5, 8,0.346,0.89,1.533,1.835
5, 8,0.081,0.757,0.877,0.901
5, 8,0.094,0.631,2.541,3.689
5, 8,0.085,0.415,0.821,1.176
5, 8,0.138,2.076,7.416,11.198
5, 8,0.103,0.648,1.046,1.359
5, 8,0.195,0.954,1.192,1.426
5, 8,0.061,0.694,0.797,0.824
5, 8,0.503,2.464,3.515,4.469
5, 8,1.089,2.176,2.886,3.213
5, 8,0.192,1.122,1.849,1.971
5, 8,0.039,0.509,0.628,0.806
5, 8,0.806,1.193,1.885,1.943
5, 8,0.153,0.832,0.979,1.151
5, 8,0.036,0.374,0.634,0.822
5, 8,0.525,0.945,1.504,1.747
5, 8,0.494,2.045,3.003,3.495
5, 8,0.054,0.626,0.708,0.832
5, 8,0.14,1.071,2.272,2.408
5, 8,0.531,1.151,1.562,1.594
5, 8,0.396,0.644,0.863,0.91
5, 8,0.598,1.743,3.307,3.974
5, 8,0.088,0.98,1.142,1.193
5, 8,0.104,0.707,1.005,1.288
5, 8,0.422,2.126,5.01,7.258
5, 8,0.112,0.59,1.603,2.286
5, 8,0.095,0.601,0.776,0.94
5, 8,0.276,1.551,2.932,3.733
5, 8,0.03,0.65,2.027,2.086
5, 8,0.154,1.084,1.637,1.869
5, 8,0.742,2.06,2.375,2.537
5, 8,0.202,0.941,1.731,1.75
5, 8,0.271,0.98,1.939,2.265
5, 8,0.036,0.391,0.598,0.641
5, 8,0.117,0.804,1.087,1.38
5, 9,0.43,1.211,2.592,2.853
5, 9,0.635,4.113,21.301,38.492
5, 9,1.169,7.291,18.772,22.692
5, 9,0.729,3.131,11.239,17.154
5, 9,0.941,2.95,3.972,4.664
5, 9,0.642,4.175,23.473,33.525
5, 9,0.956,3.9,19.379,131.748
5, 9,1.061,6.276,8.941,9.644
5, 9,0.279,1.879,3.477,6.887
5, 9,0.573,2.306,6.621,8.872
5, 9,0.784,3.337,9.766,13.401
5, 9,3.332,18.259,44.665,240.721
5, 9,0.924,3.28,12.079,17.536
5, 9,1.077,3.395,7.134,7.908
5, 9,0.69,2.806,4.931,5.554
5, 9,0.047,0.639,0.937,1.516
5, 9,0.181,3.134,15.442,22.88
5, 9,0.48,2.182,3.583,4.406
5, 9,0.811,3.075,26.039,44.802
5, 9,1.533,6.497,39.037,68.969
5, 9,0.853,9.714,32.576,65.834
5, 9,0.283,2.909,11.381,19.979
5, 9,0.996,7.487,20.152,31.659
5, 9,0.107,1.612,3.27,3.955
5, 9,0.193,2.184,3.335,4.262
5, 9,0.927,5.897,13.282,25.347
5, 9,2.923,7.627,16.348,20.164
5, 9,2.617,8.71,35.572,94.797
5, 9,3.3,7.917,17.007,26.321
5, 9,1.093,2.289,2.993,4.417
5, 9,1.053,12.435,37.106,76.172
5, 9,1.206,2.72,6.431,8.794
5, 9,2.774,26.035,229.487,517.954
5, 9,2.325,16.646,124.497,344.841
5, 9,0.526,3.562,13.239,21.545
5, 9,0.275,3.338,4.86,5.784
5, 9,0.924,2.462,3.604,4.386
5, 9,0.211,3.209,11.786,21.336
5, 9,0.691,3.195,8.671,11.749
5, 9,0.113,0.911,4.237,8.458
5, 9,0.775,2.021,2.33,2.502
5, 9,0.298,2.752,6.393,8.631
5, 9,0.853,2.204,4.307,7.74
5, 9,0.694,3.864,13.961,27.966
5, 9,0.787,2.86,7.425,10.287
5, 9,0.423,14.056,21.741,31.975
5, 9,1.114,4.566,13.43,25.558
5, 9,1.973,9.296,25.855,34.502
5, 9,2.39,4.704,11.32,19.176
5, 9,0.224,2.634,7.918,14.205
5, 9,0.701,2.626,4.397,6.188
5, 9,3.361,41.782,306.636,685.779
5, 9,0.855,5.39,15.503,24.006
5, 9,0.507,2.759,6.736,7.877
5, 9,0.162,1.293,3.352,3.954
5, 9,0.396,2.477,4.195,4.78
5, 9,0.165,2.335,7.999,16.814
5, 9,0.415,2.08,6.883,11.756
5, 9,0.96,4.212,8.326,10.96
5, 9,0.567,2.529,6.807,8.433
5, 9,0.409,2.505,8.773,13.043
5, 9,0.975,9.971,19.45,37.104
5, 9,0.05,0.949,2.097,2.78
5, 9,0.915,3.189,12.103,23.103
5, 9,0.547,2.941,10.4,15.026
5, 9,0.93,3.17,7.903,11.264
5, 9,0.233,3.492,12.047,23.003
5, 9,1.147,3.649,11.375,15.759
5, 9,0.641,2.152,6.259,8.964
5, 9,0.172,2.446,6.526,8.933
5, 9,0.076,2.294,12.1,26.252
5, 9,0.942,3.14,7.763,9.8
5, 9,0.719,2.245,3.072,3.746
5, 9,0.954,2.378,3.859,4.802
5, 9,2.45,11.429,27.727,52.814
5, 9,1.039,4.031,9.035,11.322
5, 9,0.763,3.472,8.733,10.761
5, 9,0.979,2.603,3.379,3.664
5, 9,0.711,3.323,12.948,21.49
5, 9,1.49,1.75,9.512,12.532
5, 9,0.906,3.48,10.376,13.659
5, 9,0.468,3.788,21.721,46.212
5, 9,0.112,0.86,3.444,4.538
5, 9,0.345,0.99,3.21,4.208
5, 9,0.876,2.055,2.998,3.407
5, 9,0.208,3.141,21.047,36.086
5, 9,0.118,1.213,4.145,10.56
5, 9,0.555,2.827,18.172,34.763
5, 9,0.617,2.837,3.509,4.504
5, 9,0.582,2.908,9.64,15.888
5, 9,0.816,2.8,6.575,8.435
5, 9,0.576,1.879,5.625,12.33
5, 9,2.213,16.96,64.046,137.718
5, 9,1.582,15.274,51.125,71.457
5, 9,0.235,3.254,8.294,11.339
5, 9,0.766,2.863,8.231,12.956
5, 9,1.04,7.576,17.851,22.102
5, 9,0.696,6.923,27.793,53.725
5, 9,0.802,35.166,266.882,853.959
5, 9,2.232,27.034,141.154,275.387
5,10,5.119,72.376,190.368,358.747
5,10,1.961,6.979,15.295,24.902
5,10,2.348,17.504,84.922,569.239
5,10,3.008,8.889,20.16,32.139
5,10,3.02,30.498,283.662,759.102
5,10,3.899,12.284,32.822,54.629
5,10,6.593,38.016,90.008,446.751
5,10,2.215,17.642,106.463,533.803
5,10,22.391,261.432,3573.537,19914.317
5,10,5.716,14.781,96.794,173.237
5,10,2.872,29.413,236.694,777.646
5,10,5.487,52.299,731.53,4706.958
5,10,3.697,50.854,451.268,1049.065
5,10,1.822,27.015,200.64,432.751
5,10,5.784,85.828,757.984,2277.617
5,10,1.121,6.068,17.813,25.928
5,10,6.086,249.968,2752.753,10897.113
5,10,4.205,168.161,3193.721,11961.914
5,10,7.767,31.168,73.078,195.491
5,10,8.34,267.733,2115.003,6593.87
5,10,6.208,37.294,141.137,559.402
5,10,2.542,31.566,200.493,551.316
5,10,4.685,108.212,906.421,2363.732
5,10,5.54,13.452,32.722,69.027
5,10,4.587,65.001,339.749,798.445
5,10,2.552,13.316,25.047,123.549
5,10,1.105,3.048,9.177,14.515
5,10,2.864,17.36,152.099,587.793
5,10,8.145,203.44,1195.892,1969.144
5,10,3.618,26.744,134.615,599.268
5,10,1.845,10.336,44.443,70.958
5,10,1.563,5.771,23.408,50.666
5,10,6.024,77.441,775.24,1829.61
5,10,3.34,32.324,244.124,681.009
5,10,3.836,27.354,662.968,4499.673
5,10,4.375,40.272,130.546,360.467
5,10,2.478,18.913,85.639,479.456
5,10,6.522,114.135,1105.459,2100.047
5,10,4.92,42.831,163.472,277.697
5,10,7.751,237.258,2639.858,45940.585
5,10,2.271,85.92,1643.279,4895.503
5,10,7.886,68.355,384.125,723.497
5,10,4.927,55.224,612.101,3680.287
5,10,8.979,229.976,1695.777,3484.607
5,10,8.669,36.61,74.784,174.858
5,10,14.361,2010.037,9887.892,24061.881
5,10,33.869,2067.609,23032.565,63534.553
5,10,11.14,194.211,1503.612,3699.184
5,10,8.439,202.205,1956.466,4463
5,10,7.788,46.81,219.734,653.092
5,10,3.011,16.76,23.037,29.391
5,10,1.578,30.102,144.479,534.993
5,10,14.803,54.376,79.204,120.912
5,10,10.43,46.181,91.091,127.722
5,10,12.929,56.086,212.615,743.444
5,10,7.971,36.287,55.851,82.586
5,10,7.746,16.173,64.597,144.854
5,10,9.048,500.831,2729.902,6560.409
5,10,10.652,72.8,424.012,1647.072
5,10,8.391,47.092,165.22,505.703
5,10,8.017,161.363,1330.923,7449.125
5,10,17.985,138.629,531.197,1040.027
5,10,2.287,15.786,48.804,87.137
5,10,5.931,168.611,2994.17,7990.359
5,10,11.092,348.167,2613.511,4575.77
5,10,8.524,45.343,124.681,664.713
5,10,7.299,93.744,3896.956,23939.825
5,10,12.179,462.662,3519.041,7730.664
5,10,2.402,43.291,390.695,1598.042
5,10,8.815,204.624,3453.451,15317.304
5,10,10.832,278.219,3902.954,9695.264
5,10,7.904,49.14,362.806,816.957
5,10,13.89,228.888,1188.137,3555.124
5,10,9.359,45.555,332.053,4139.643
5,10,37.138,1022.718,6134.79,10753.906
5,10,2.029,34.323,195.141,870.579
5,10,11.641,339.334,2468.96,6858.709
5,10,6.393,42.466,176.017,554.608
5,10,4.674,112.624,388.56,619.148
5,10,6.301,83.029,389.011,1017.164
5,10,6.583,96.308,777.784,3454.095
5,10,2.424,7.267,8.665,10.286
5,10,5.41,44.048,136.879,336.131
5,10,9.229,176.626,2445.346,5487.906
5,10,8.763,174.199,1702.046,9599.756
5,10,7.164,40.475,161.58,333.053
5,10,6.18,32.846,126.779,226.135
5,10,9.03,265.275,2200.012,5311.334
5,10,7.284,67.173,1001.051,4072.569
5,10,8.842,54.65,127.377,290.048
5,10,8.247,48.194,236.778,638.549
5,10,5.989,42.362,261.05,669.276
5,10,11.932,550.289,5119.07,15058.485
5,10,8.005,54.803,183.81,311.189
5,10,7.911,21.665,69.293,111.683
5,10,8.924,1162.728,23298.175,128774.792
5,10,21.738,276.901,1112.212,2792.049
5,10,4.584,12.798,31.233,43.223
5,10,16.643,503.343,1637.983,4038.027
5,10,6.16,39.471,188.242,404.14
6, 8,0.152,0.587,1.829,2.189
6, 8,0.042,0.546,0.909,1.54
6, 8,0.026,0.19,1.05,1.226
6, 8,0.102,0.857,2.254,2.574
6, 8,0.438,0.831,0.998,1.04
6, 8,0.026,0.571,0.759,1.057
6, 8,0.268,2.924,10.681,14.574
6, 8,0.146,0.762,1.169,1.6
6, 8,0.041,0.823,1.184,1.579
6, 8,0.117,0.691,1.873,2.158
6, 8,0.328,2.142,2.937,3.185
6, 8,0.028,0.263,0.627,0.902
6, 8,0.039,0.549,0.69,0.952
6, 8,0.059,0.479,0.744,1.164
6, 8,0.028,0.486,0.627,0.865
6, 8,0.082,0.88,2.559,3.022
6, 8,1.071,2.394,2.802,2.947
6, 8,0.041,0.729,1.022,1.099
6, 8,0.024,0.378,0.88,1.285
6, 8,0.042,0.694,0.995,1.114
6, 8,0.059,0.586,0.828,1.34
6, 8,0.094,0.508,1.672,2.605
6, 8,0.151,1.789,3.138,6.398
6, 8,0.255,2.443,6.196,9.06
6, 8,0.025,0.195,0.583,0.631
6, 8,0.103,0.746,0.918,1.09
6, 8,0.541,0.77,1.109,1.199
6, 8,0.061,0.641,0.902,1.544
6, 8,0.039,0.542,0.772,1.078
6, 8,0.046,2.031,2.965,3.364
6, 8,0.026,0.146,0.501,0.616
6, 8,0.319,1.718,1.967,2.149
6, 8,0.046,0.733,2.803,3.147
6, 8,0.1,0.552,0.893,1.166
6, 8,0.039,1.048,2.416,2.737
6, 8,0.066,0.828,2.142,2.849
6, 8,0.056,0.531,0.733,0.929
6, 8,0.112,0.514,0.759,0.871
6, 8,0.558,2.368,5.872,7.631
6, 8,0.137,0.896,2.135,2.522
6, 8,0.148,1.597,1.986,2.158
6, 8,0.164,1.58,2.17,2.568
6, 8,0.038,0.526,0.632,0.853
6, 8,0.866,7.775,15.329,19.716
6, 8,0.033,0.198,0.755,1.009
6, 8,0.042,0.641,0.868,1.034
6, 8,0.041,0.945,1.273,1.942
6, 8,0.234,0.964,1.123,1.198
6, 8,0.038,0.81,1.327,1.731
6, 8,0.122,0.495,0.719,0.796
6, 8,0.17,2.152,2.383,3.664
6, 8,0.615,0.797,0.946,0.99
6, 8,0.039,0.574,0.717,0.883
6, 8,0.138,1.014,1.531,1.846
6, 8,0.03,0.457,0.797,0.981
6, 8,0.029,0.448,0.77,1.46
6, 8,0.092,0.758,1.094,1.222
6, 8,0.064,0.852,2.299,2.482
6, 8,0.089,0.544,1.046,1.398
6, 8,0.109,0.734,2.036,2.31
6, 8,0.124,0.855,1.989,2.232
6, 8,0.035,0.071,0.583,0.606
6, 8,0.223,0.81,1.087,1.395
6, 8,0.096,0.515,0.67,0.927
6, 8,0.109,0.491,2.061,2.259
6, 8,0.025,0.073,0.837,0.934
6, 8,0.063,0.671,0.816,1.063
6, 8,0.425,1.789,2.144,2.441
6, 8,0.048,0.595,2.556,3.484
6, 8,0.028,0.48,0.805,1.351
6, 8,0.026,0.171,0.53,0.652
6, 8,0.078,0.459,0.539,0.657
6, 8,0.045,0.651,2.338,2.912
6, 8,0.095,0.676,0.9,1.325
6, 8,0.276,0.826,2.258,2.511
6, 8,0.353,1.06,2.902,3.34
6, 8,0.891,2.3,2.411,2.505
6, 8,0.484,0.633,0.721,0.747
6, 8,0.043,0.445,0.77,1.006
6, 8,0.039,0.512,0.788,0.847
6, 8,0.043,0.804,2.065,2.346
6, 8,0.098,0.552,0.863,2.148
6, 8,0.646,1.979,3.166,4.267
6, 8,0.028,0.106,0.734,0.971
6, 8,0.043,0.454,0.521,0.649
6, 8,0.094,0.94,1.326,1.543
6, 8,0.033,0.438,0.588,0.804
6, 8,0.096,0.463,0.802,1.117
6, 8,0.098,1.673,4.227,7.355
6, 8,0.112,1.03,3.974,9.806
6, 8,0.324,0.889,1.725,2.057
6, 8,0.039,0.845,1.108,1.158
6, 8,0.081,0.772,1.154,1.366
6, 8,0.034,0.585,1.858,1.865
6, 8,0.079,0.531,0.914,1.18
6, 8,0.062,0.838,1.045,1.252
6, 8,0.165,0.701,2.201,2.406
6, 8,0.157,1.738,2.087,2.441
6, 8,0.093,0.525,1.175,1.451
6, 8,0.15,0.637,1.963,2.102
6, 9,1.419,7.552,24.053,30.724
6, 9,0.238,3.028,15.167,22.118
6, 9,0.106,2.701,7.656,16.586
6, 9,0.759,3.508,11.219,20.647
6, 9,0.157,1.496,3.786,5.096
6, 9,0.829,4.905,8.266,8.506
6, 9,1.165,7.565,23.474,43.383
6, 9,0.727,3.025,8.208,14.856
6, 9,0.382,2.528,3.463,3.963
6, 9,0.346,3.289,14.113,28.582
6, 9,1.291,3.742,13.136,25.659
6, 9,0.24,2.143,3.272,4.517
6, 9,0.12,2.616,9.623,22.025
6, 9,0.236,1.21,4.629,12.271
6, 9,0.366,2.751,8.589,12.632
6, 9,0.329,1.732,4.037,7.12
6, 9,0.279,3.062,7.305,13.679
6, 9,0.393,2.491,7.053,15.211
6, 9,0.079,3.264,5.373,8.826
6, 9,0.403,3.4,9.285,12.88
6, 9,1.174,3.024,4.373,5.282
6, 9,0.201,1.121,6.5,10.691
6, 9,0.207,2.608,5.576,11.962
6, 9,0.713,17.931,141.155,331.463
6, 9,0.05,3.414,9.033,16.744
6, 9,1.522,6.324,28.608,61.486
6, 9,0.983,4.115,10.535,16.206
6, 9,0.349,2.605,3.563,4.444
6, 9,0.548,4.233,14.63,23.355
6, 9,0.435,3.46,10.918,18.143
6, 9,3.369,12.921,15.612,19.713
6, 9,0.123,2.717,9.686,23.499
6, 9,0.986,3.687,15.515,27.704
6, 9,0.103,0.777,2.898,4.981
6, 9,0.08,1.09,3.856,7.172
6, 9,0.099,0.699,3.085,4.63
6, 9,0.593,2.207,3.805,5.135
6, 9,0.04,0.273,0.632,1.175
6, 9,0.131,0.863,3.093,5.349
6, 9,1.01,11.129,60.314,103.043
6, 9,0.155,2.936,8.168,18.218
6, 9,0.537,4.207,13.194,38.54
6, 9,0.179,1.315,3.005,3.638
6, 9,0.129,2.844,5.514,11.702
6, 9,0.105,2.288,6.508,10.731
6, 9,0.691,24.898,149.679,640.696
6, 9,0.371,3.487,17.456,28.642
6, 9,0.092,3.22,15.224,24.696
6, 9,1.355,3.623,7.323,10.686
6, 9,1.657,6.369,15.314,19.597
6, 9,0.324,2.409,4.195,10.416
6, 9,0.215,2.255,3.179,4.556
6, 9,2.41,16.845,51.399,83.002
6, 9,0.108,1.108,4.477,12.001
6, 9,0.43,2.987,17.76,42.115
6, 9,1.004,5.55,22.5,35.463
6, 9,0.92,6.336,13.557,17.431
6, 9,0.218,2.709,10.539,20.175
6, 9,0.157,0.953,2.975,3.565
6, 9,2.539,3.036,3.718,3.919
6, 9,0.385,2.374,4.656,7.074
6, 9,0.229,1.967,6.312,11.02
6, 9,0.692,1.581,3.694,4.915
6, 9,0.238,5.935,9.247,13.051
6, 9,0.617,2.869,9.609,19.328
6, 9,0.423,3.044,12.71,20.872
6, 9,0.299,2.325,6.552,15.731
6, 9,1.031,3.199,7.93,11.891
6, 9,0.52,2.424,4.77,8.809
6, 9,0.302,4.904,17.644,37.878
6, 9,0.72,12.114,53.125,108.307
6, 9,0.285,0.839,3.323,4.163
6, 9,0.054,0.817,2.674,3.475
6, 9,0.727,2.922,5.14,6.485
6, 9,0.06,0.781,0.968,1.442
6, 9,3.146,10.147,22.195,37.823
6, 9,0.482,2.682,4.886,7.254
6, 9,0.197,1.381,4.022,4.696
6, 9,0.954,6.31,16.618,21.872
6, 9,1.271,4.539,18.313,33.942
6, 9,0.792,2.979,4.371,7.512
6, 9,1.137,16.297,215.302,763.287
6, 9,1.558,6.13,65.004,123.663
6, 9,0.503,3.533,12.983,22.152
6, 9,0.242,2.961,7.268,11.545
6, 9,0.458,1.901,2.636,4.67
6, 9,0.336,2.437,12.123,21.686
6, 9,0.377,2.846,20.297,42.744
6, 9,0.238,2.304,3.698,5.934
6, 9,0.104,0.911,2.959,4.208
6, 9,0.148,0.687,2.789,3.364
6, 9,2.948,65.488,330.738,603.933
6, 9,0.348,2.74,10.617,19.619
6, 9,0.363,1.338,3.73,5.348
6, 9,0.145,1.132,6.422,12.081
6, 9,0.378,3.651,14.451,43.3
6, 9,0.317,3,4.777,11.83
6, 9,1.181,15.649,22.757,33.869
6, 9,0.193,3.33,12.099,18.417
6, 9,1.798,17.389,62.953,179.506
6,10,0.737,6.194,106.216,535.354
6,10,4.211,21.798,124.102,2461.079
6,10,0.957,16.795,117.524,517.316
6,10,4.429,18.577,78.483,599.819
6,10,1.31,8.1,27.002,45.865
6,10,2.63,17.872,30.055,81.048
6,10,1.915,17.895,39.302,302.644
6,10,2.93,72.142,893.288,1851.844
6,10,4.297,12.153,33.511,105.535
6,10,0.253,4.874,17.855,52.442
6,10,2.315,39.434,775.955,2971.527
6,10,16.577,678.934,2314.602,4490.256
6,10,1.315,25.951,130.659,273.096
6,10,5.955,121.857,1367.671,3110.517
6,10,2.248,10.269,55.695,188.941
6,10,1.651,26.501,56.047,384.661
6,10,2.396,6.731,21.327,64.238
6,10,0.83,18.632,98.551,354.679
6,10,0.662,7.408,34.045,69.851
6,10,2.026,18.78,45.409,105.522
6,10,0.347,5.981,22.672,51.461
6,10,3.944,130.547,1460.965,3394.106
6,10,4.772,55.683,617.214,1533.422
6,10,1.539,22.554,50.474,157.113
6,10,2.058,12.308,54.853,135.998
6,10,2.832,24.369,209.504,3018.545
6,10,8.946,534.826,3777.507,24847.84
6,10,7.905,93.941,508.419,947.881
6,10,6.761,21.091,38.411,70.069
6,10,5.197,70.605,296.033,1391.089
6,10,2.156,25.032,125.912,360.834
6,10,5.644,16.671,51.474,255.572
6,10,8.196,572.219,5756.803,40593.509
6,10,3.742,68.301,2060.052,6132.599
6,10,0.782,10.252,75.797,370.728
6,10,5.184,37.788,59.185,244.107
6,10,21.748,240.769,736.668,1105.871
6,10,17.939,729.053,3514.206,7374.28
6,10,2.928,13.296,38.731,107.896
6,10,7.95,240.346,5427.842,20374.831
6,10,0.62,6.1,31.462,67.573
6,10,0.431,10.328,77.827,606.921
6,10,2.017,16.901,49.542,109.361
6,10,2.143,34.148,145.331,568
6,10,5.138,62.671,771.843,2826.837
6,10,2.296,11.928,54.037,129.731
6,10,0.523,8.972,43.571,123.353
6,10,1.223,56.627,581.011,1742.135
6,10,9.032,41.645,117.641,349.643
6,10,9.602,1928.602,35208.771,122910.55
6,10,10.178,90.559,764.502,2944.783
6,10,8.592,79.491,481.966,1796.64
6,10,3.095,26.764,44.492,56.186
6,10,7.244,126.017,1750.427,5584.528
6,10,2.25,14.614,46.284,92.992
6,10,11.14,94.163,1441.327,5329.495
6,10,1.831,12.208,49.338,182.578
6,10,9.717,75.041,115.479,138.143
6,10,0.823,14.851,101.237,378.667
6,10,17.772,836.263,8192.76,41797.52
6,10,10.707,155.423,1115.471,4829.254
6,10,17.693,267.711,1983.832,7096.934
6,10,1.684,17.479,55.422,97.952
6,10,9.941,69.357,664.941,2243.98
6,10,1.166,12.492,40.051,65.298
6,10,1.979,32.382,401.999,1003.891
6,10,12.146,63.54,261.888,1868.933
6,10,0.894,14.701,52.979,86.127
6,10,2.634,34.527,56.413,114.762
6,10,3.455,36.803,109.663,229.124
6,10,8.474,73.346,1071.77,4423.671
6,10,5.385,66.678,811.741,2581.693
6,10,1.556,13.189,45.461,109.551
6,10,3.919,45.627,163.674,800.542
6,10,2.172,17.871,154.911,607.009
6,10,9.942,108.515,650.305,1728.509
6,10,10.852,28.785,49.675,57.895
6,10,8.692,36.982,111.163,475.52
6,10,6.902,79.469,473.519,1786.706
6,10,0.993,16.808,68.697,256.026
6,10,6.11,27.166,64.856,105.879
6,10,3.842,78.403,741.368,2266.172
6,10,6.138,41.46,153.062,323.4
6,10,4.265,48.062,257.346,680.313
6,10,0.443,15.074,138.597,868.75
6,10,8.225,32.691,78.477,135.448
6,10,4.429,235.663,3853.093,17348.052
6,10,5.254,28.121,101.053,123.918
6,10,2.403,44.632,101.231,249.374
6,10,0.746,34.443,179.376,955.212
6,10,7.233,87.422,1058.955,3087.797
6,10,7.177,50.886,157.979,528.332
6,10,2.177,14.508,54.97,115.724
6,10,9.479,1838.979,31857.018,174218.735
6,10,2.488,45.246,326.254,1198.447
6,10,5.455,156.133,1200.03,3964.726
6,10,14.847,132.687,765.371,1679.038
6,10,8.92,58.223,145.54,369.229
6,10,2.779,61.256,356.798,1034.125
6,10,13.842,34.498,47.672,62.635
7, 8,0.042,0.954,2.401,2.88
7, 8,0.048,0.392,0.805,1.102
7, 8,0.109,0.753,1.317,1.582
7, 8,0.32,2.295,10.242,14.102
7, 8,0.111,0.659,1.323,2.177
7, 8,0.043,0.924,1.281,2.165
7, 8,0.033,0.7,0.969,1.457
7, 8,0.128,0.69,2.752,3.844
7, 8,0.022,0.304,1.009,1.221
7, 8,0.187,0.579,1.216,1.677
7, 8,0.197,0.538,2.099,2.597
7, 8,0.536,1.8,4.973,9.616
7, 8,0.085,0.616,1.096,1.433
7, 8,0.03,0.471,0.911,1.43
7, 8,0.025,0.329,0.585,0.913
7, 8,0.166,0.613,0.769,0.984
7, 8,0.528,0.961,2.75,3.097
7, 8,0.243,0.632,1.385,2.084
7, 8,0.43,0.739,0.93,1.203
7, 8,0.246,3.569,11.752,16.39
7, 8,0.278,2.121,5.798,8.228
7, 8,0.375,2.012,3.113,3.737
7, 8,0.029,0.058,0.902,1.013
7, 8,0.067,0.559,1.279,3.045
7, 8,0.155,0.693,2.823,3.197
7, 8,0.049,0.244,0.833,0.915
7, 8,0.182,0.731,1.117,2.69
7, 8,0.115,0.723,2.473,2.872
7, 8,0.029,0.931,1.056,1.397
7, 8,0.031,0.518,1.236,1.793
7, 8,0.075,0.41,0.613,0.813
7, 8,0.067,0.751,1.272,1.938
7, 8,0.106,0.432,1.031,1.657
7, 8,0.241,0.969,2.957,3.796
7, 8,0.102,0.548,2.189,3.039
7, 8,0.074,0.911,2.491,3.345
7, 8,0.035,0.613,0.807,0.996
7, 8,0.029,0.601,0.899,1.248
7, 8,0.115,0.529,0.763,0.985
7, 8,0.062,0.246,1.096,2.824
7, 8,0.04,0.63,0.803,1.26
7, 8,0.034,0.677,2.843,6.557
7, 8,0.182,0.629,0.847,1.434
7, 8,0.093,1.106,2.481,2.721
7, 8,0.607,1.228,1.866,1.972
7, 8,0.495,0.95,2.55,2.762
7, 8,0.044,1.157,3.255,5.299
7, 8,0.035,0.591,1.016,1.084
7, 8,0.073,0.592,0.86,1.739
7, 8,0.064,0.72,2.847,4.209
7, 8,0.043,0.428,0.803,1.444
7, 8,0.03,0.179,0.749,1.152
7, 8,0.023,0.413,0.687,1.158
7, 8,0.033,0.279,0.97,1.171
7, 8,0.142,0.727,1.169,1.878
7, 8,0.305,0.681,1.054,2.385
7, 8,0.027,0.229,0.717,1.008
7, 8,0.028,0.185,0.903,1.11
7, 8,0.083,0.748,1.093,1.859
7, 8,0.072,0.649,2.223,2.927
7, 8,0.028,0.385,0.623,0.776
7, 8,0.099,1.881,3.743,6
7, 8,0.051,0.51,0.932,1.525
7, 8,0.162,0.858,1.527,1.805
7, 8,0.149,3.018,4.357,6.018
7, 8,0.033,0.313,0.657,0.767
7, 8,0.027,0.461,0.801,1.232
7, 8,0.026,0.149,0.754,0.843
7, 8,0.064,0.574,0.811,1.122
7, 8,0.028,0.966,2.308,2.991
7, 8,0.935,3.01,4.094,4.785
7, 8,0.046,0.981,2.758,3.131
7, 8,0.039,0.554,1.187,1.74
7, 8,0.112,0.864,1.03,1.297
7, 8,0.074,0.805,2.762,3.263
7, 8,0.034,0.455,0.981,1.241
7, 8,0.06,1.066,1.364,1.876
7, 8,0.139,0.949,3.042,3.631
7, 8,0.149,0.947,2.855,4.373
7, 8,0.076,0.924,2.966,3.237
7, 8,0.118,0.666,1.027,1.622
7, 8,0.04,0.51,1.016,1.747
7, 8,0.065,0.585,0.978,1.428
7, 8,0.081,0.819,2.254,2.703
7, 8,0.072,0.601,0.97,2.149
7, 8,0.031,0.66,0.928,1.312
7, 8,0.242,0.684,2.632,2.974
7, 8,0.03,0.153,0.701,0.94
7, 8,0.061,0.595,0.647,0.789
7, 8,0.038,0.466,0.728,0.943
7, 8,0.047,0.546,0.68,0.813
7, 8,0.128,0.529,0.752,1.527
7, 8,0.026,0.25,0.761,0.843
7, 8,0.241,1.045,2.006,2.125
7, 8,0.024,0.446,0.905,1.38
7, 8,0.054,0.473,1.109,1.437
7, 8,0.17,0.884,1.645,2.2
7, 8,0.345,2.405,5.527,9.161
7, 8,0.073,1.042,2.685,3.25
7, 8,0.043,1.445,2.955,3.256
7, 9,0.216,0.909,3.39,4.624
7, 9,0.22,2.921,10.497,20.849
7, 9,0.187,0.841,3.122,4.371
7, 9,0.176,2.458,18.831,30.4
7, 9,0.062,1.202,3.427,4.373
7, 9,0.228,1.655,4.413,9.349
7, 9,0.211,3.45,29.669,131.065
7, 9,0.28,6.119,24.54,63.787
7, 9,0.201,1.067,6.977,14.586
7, 9,0.837,3.529,9.438,17.27
7, 9,0.33,3.247,21.716,49.915
7, 9,0.84,5.379,51.419,186.403
7, 9,0.186,3.565,9.951,22.55
7, 9,0.045,0.866,3.004,4.802
7, 9,0.152,3.04,4.931,8.774
7, 9,0.476,3.964,19.422,38.553
7, 9,0.243,0.971,3.428,5.979
7, 9,0.34,4.715,25.825,59.692
7, 9,0.057,0.921,3.972,8.333
7, 9,0.106,2.018,4.549,14.896
7, 9,0.214,3.169,32.143,274.358
7, 9,0.187,3.379,4.763,19.665
7, 9,0.159,2.716,9.571,17.441
7, 9,0.402,2.236,7.916,12.805
7, 9,0.133,1.118,3.4,6.067
7, 9,1.087,17.805,46.117,103.545
7, 9,0.856,3.351,12.209,25.639
7, 9,0.04,0.874,1.408,2.674
7, 9,0.214,0.95,5.39,11.348
7, 9,0.249,4.359,24.007,57.995
7, 9,0.26,0.996,4.056,8.305
7, 9,0.186,2.602,3.648,6.08
7, 9,0.091,1.159,5.255,12.658
7, 9,0.449,3.533,80.741,368.155
7, 9,0.445,4.292,20.668,39.663
7, 9,0.183,3.057,9.666,20.316
7, 9,0.235,3.275,9.447,14.167
7, 9,0.061,1.104,5.55,13.405
7, 9,0.219,2.533,6.017,13.092
7, 9,0.359,4.009,17.828,45.286
7, 9,1.094,5.211,12.025,15.089
7, 9,0.546,3.955,15.12,35.78
7, 9,0.394,1.101,3.984,7.223
7, 9,0.143,0.915,1.48,2.765
7, 9,0.371,2.572,17.045,44.895
7, 9,0.373,2.656,8.346,20.665
7, 9,0.104,3.396,15.722,42.24
7, 9,0.162,6.748,47.579,403.019
7, 9,0.23,3.882,10.297,24.843
7, 9,0.099,1.541,3.978,6.952
7, 9,0.155,1.345,5.241,6.156
7, 9,0.868,4.627,22.101,48.14
7, 9,0.141,2.684,8.393,13.12
7, 9,0.164,1.034,4.023,10.929
7, 9,0.08,1.14,4.188,8.092
7, 9,0.048,0.62,2.953,4.402
7, 9,0.434,23.546,169.428,430.689
7, 9,1.032,11.876,35.643,52.709
7, 9,0.732,2.698,3.164,5.288
7, 9,0.338,3.121,11.69,21.918
7, 9,1.449,4.774,17.569,37.525
7, 9,0.116,3.586,17.851,28.147
7, 9,0.058,0.878,3.182,9.954
7, 9,0.103,1.231,4.669,11.794
7, 9,0.624,3.149,15.711,27.962
7, 9,0.14,0.766,3.223,3.715
7, 9,0.088,0.727,3.245,3.728
7, 9,0.44,3.153,10.165,29.915
7, 9,0.297,2.756,10.744,16.391
7, 9,0.136,0.816,3.741,7.619
7, 9,0.178,1.425,8.693,13.845
7, 9,0.245,3.359,10.072,13.786
7, 9,0.193,0.978,4.986,9.697
7, 9,1.443,17.222,31.444,91.318
7, 9,0.152,2.596,10.516,41.45
7, 9,0.061,3.002,14.762,26.743
7, 9,0.085,1.055,3.706,4.713
7, 9,0.519,15.893,57.793,194.462
7, 9,0.295,1.886,5.851,8.113
7, 9,0.055,0.824,3.566,5.134
7, 9,0.286,1.22,3.141,4.811
7, 9,0.209,3.166,9.456,16.961
7, 9,0.335,3.405,13.199,23.236
7, 9,0.062,0.611,2.951,5.348
7, 9,0.273,3.271,11.894,26.953
7, 9,0.063,1.102,3.717,8.76
7, 9,0.813,14.028,67.805,276.399
7, 9,0.15,2.913,5.515,14.407
7, 9,0.313,3.238,8.436,17.564
7, 9,0.224,2.616,10.436,32.315
7, 9,0.764,3.392,13.959,32.997
7, 9,0.135,1.069,2.478,3.589
7, 9,2.739,22.361,66.227,103.641
7, 9,0.678,2.78,6.436,9.825
7, 9,0.763,24.188,351.272,3048.238
7, 9,0.068,0.628,3.482,6.186
7, 9,1.482,4.917,20.801,49.675
7, 9,0.071,3.736,13.666,35.557
7, 9,0.219,3.693,13.235,26.886
7, 9,0.105,1.434,3.637,4.39
7,10,4.17,93.218,1051.067,2079.218
7,10,1.034,39.76,643.091,3049.078
7,10,1.076,22.658,108.744,472.986
7,10,5.496,87.563,1056.283,3930.387
7,10,7.652,92.699,546.448,1255.63
7,10,0.718,7.125,70.687,379.318
7,10,4.68,39.198,434.713,1375.95
7,10,9.998,340.674,1959.762,3245.344
7,10,0.494,8.333,36.039,157.454
7,10,0.688,4.712,36.881,221.507
7,10,2.759,9.391,62.084,388.2
7,10,0.812,27.684,407.518,1497.178
7,10,1.765,49.383,471.871,1780.713
7,10,4.951,38.11,367.256,1162.716
7,10,0.793,8.491,56.275,833.871
7,10,8.595,85.73,166.674,190.026
7,10,0.426,6.854,188.26,922.627
7,10,0.474,26.706,416.871,1463.738
7,10,0.282,12.195,373.467,2199.717
7,10,0.73,9.245,38.556,199.307
7,10,6.806,324.578,5296.373,23771.595
7,10,11.196,574.76,2588.143,14305.234
7,10,1.826,31.371,220.244,1119.658
7,10,0.139,2.048,10.066,44.615
7,10,7.541,56.975,292.91,739.009
7,10,6.684,78.619,861.864,1538.363
7,10,7.765,33.451,60.63,661.68
7,10,1.295,11.027,46.632,198.803
7,10,6.971,142.149,1571.173,7605.151
7,10,4.272,161.539,1706.966,9049.317
7,10,6.045,209.694,3422.21,17555.298
7,10,0.879,9.214,37.268,135.653
7,10,0.638,43.482,374.936,1767.526
7,10,2.163,59.446,555.573,3557.493
7,10,1.489,79.877,1024.989,3587.635
7,10,4.199,70.282,3074.329,19773.801
7,10,0.513,9.588,71.05,864.678
7,10,0.279,9.899,108.252,825.768
7,10,0.323,7.933,41.916,207.357
7,10,1.994,57.045,335.228,1735.97
7,10,7.837,50.081,128.533,213.454
7,10,0.513,8.709,36.813,156.434
7,10,1.101,25.595,62.591,194.239
7,10,0.723,46.079,496.678,2081.056
7,10,7.074,69.685,396.371,1122.819
7,10,0.53,7.649,42.059,115.245
7,10,0.628,17.735,136.618,634.433
7,10,0.886,42.83,365.8,1307.428
7,10,6.423,334.665,5284.318,48091.744
7,10,1.016,14.889,183.983,1175.598
7,10,7.749,157.58,674.547,2859.792
7,10,7.938,74.809,461.309,1349.759
7,10,6.771,37.883,84.001,305.968
7,10,0.352,22.91,262.33,1207.977
7,10,0.829,11.742,46.663,94.419
7,10,2.909,35.453,284.979,1073.69
7,10,2.607,119.485,1682.085,4874.132
7,10,10.691,55.151,102.532,411.076
7,10,4.059,40.702,233.5,932.135
7,10,1.078,13.875,136.891,855.868
7,10,1.578,42.045,425.198,1635.25
7,10,16.037,625.758,6914.82,37599.999
7,10,6.789,55.774,129.753,395.672
7,10,7.539,48.644,528.419,2092.778
7,10,1.055,17.144,157.933,629.579
7,10,1.087,52.842,257.345,1284.145
7,10,3.079,90.976,1268.078,8810.465
7,10,6.166,36.629,56.945,119.558
7,10,7.483,122.912,644.292,1364.1
7,10,6.195,95.896,863.282,1896.528
7,10,1.563,21.185,194.907,942.698
7,10,0.554,9.579,89.071,660.378
7,10,0.287,9.021,18.768,36.363
7,10,2.256,42.062,223.393,1268.396
7,10,0.366,13.419,38.448,152.712
7,10,0.207,6.83,54.699,232.707
7,10,0.626,10.327,52.352,268.891
7,10,0.962,8.331,25.578,53.52
7,10,2.16,77.837,884.63,4711.723
7,10,2.217,150.72,1745.765,3604.486
7,10,0.301,8.478,26.567,76.697
7,10,8.645,35.114,205.444,1072.725
7,10,0.624,9.058,35.813,99.18
7,10,5.397,60.08,968.897,3336.93
7,10,8.062,51.695,250.609,1502.678
7,10,2.559,176.009,586.24,1564.621
7,10,3.684,31.695,137.154,441.911
7,10,2.205,11.184,42.439,113.701
7,10,7.365,56.543,356.971,1039.484
7,10,1.548,16.608,185.351,1072.234
7,10,1.399,34.563,89.936,148.255
7,10,1.171,114.312,3809.548,57861.061
7,10,1.254,20.78,230.329,1611.838
7,10,1.351,8.768,42.92,194.863
7,10,0.484,3.706,22.981,77.069
7,10,1.566,38.284,159.368,752.427
7,10,0.295,3.702,18.026,44.331
7,10,0.951,9.656,38.474,167.058
7,10,0.476,11.937,58.272,176.088
7,10,1.236,41.259,343.248,1447.036
8, 8,0.13,0.525,0.859,1.713
8, 8,0.033,0.531,0.98,1.842
8, 8,0.076,0.701,3.052,4.549
8, 8,0.481,0.991,1.155,1.264
8, 8,0.358,2.198,5.612,10.508
8, 8,0.036,0.222,0.667,0.841
8, 8,0.026,0.505,0.879,1.136
8, 8,0.045,2.076,2.89,6.639
8, 8,0.032,0.312,1.22,1.646
8, 8,0.037,0.387,0.949,1.747
8, 8,0.143,0.407,0.698,0.83
8, 8,0.277,0.798,1.198,2.354
8, 8,0.181,0.827,1.638,2.709
8, 8,0.031,0.489,2.293,2.998
8, 8,0.101,0.454,0.84,1.054
8, 8,0.038,0.436,0.799,1.552
8, 8,0.034,0.724,3.085,4.573
8, 8,0.034,0.716,2.37,3.267
8, 8,0.222,0.709,2.32,3.295
8, 8,0.04,0.199,0.681,1.537
8, 8,0.031,0.15,0.769,0.972
8, 8,0.096,0.716,3.228,4.451
8, 8,0.026,0.116,0.76,0.936
8, 8,0.025,0.116,0.686,0.973
8, 8,0.03,0.18,0.524,0.718
8, 8,0.028,0.774,2.965,3.687
8, 8,0.244,2.292,4.506,8.721
8, 8,0.071,0.891,4.099,6.697
8, 8,0.034,0.808,1.053,1.662
8, 8,0.031,0.558,0.821,1.412
8, 8,0.037,0.736,1.245,3.617
8, 8,0.048,0.515,2.943,4.321
8, 8,0.053,0.763,2.363,3.521
8, 8,0.041,0.793,1.294,2.784
8, 8,0.048,0.588,0.987,1.168
8, 8,0.027,0.446,0.899,2.148
8, 8,0.024,0.37,0.716,1.282
8, 8,0.029,0.08,0.669,0.711
8, 8,0.773,29.238,171.774,248.351
8, 8,0.064,0.37,0.741,1.057
8, 8,0.081,0.467,0.796,1.5
8, 8,0.035,0.059,0.766,0.95
8, 8,0.071,0.612,0.859,1.163
8, 8,0.087,0.713,2.239,3.402
8, 8,0.051,0.467,1.303,2.765
8, 8,0.114,0.629,0.988,1.731
8, 8,0.047,0.62,2.002,2.799
8, 8,0.066,0.659,1.468,3.085
8, 8,0.042,1.035,1.519,3.489
8, 8,0.251,2.67,10.404,21.675
8, 8,0.054,0.735,2.948,3.784
8, 8,0.061,0.816,1.251,3.183
8, 8,0.218,0.765,1.072,1.629
8, 8,0.05,0.178,1.121,1.236
8, 8,0.028,0.426,0.864,1.329
8, 8,0.156,1.312,3.013,3.495
8, 8,0.064,0.565,0.881,1.281
8, 8,0.04,0.197,0.639,1.192
8, 8,0.064,0.529,2.819,3.49
8, 8,0.147,2,5.038,12.987
8, 8,0.114,2.303,6.771,15.34
8, 8,0.107,0.422,0.818,0.844
8, 8,0.03,0.564,0.757,1.038
8, 8,0.045,0.609,0.952,1.679
8, 8,0.15,0.877,4.064,9.355
8, 8,0.068,0.644,2.906,4.455
8, 8,0.601,2.34,4.275,6.204
8, 8,0.04,0.705,1.099,1.838
8, 8,0.033,0.75,1.344,2.264
8, 8,0.046,0.739,1.248,2.729
8, 8,0.128,0.613,0.83,1.735
8, 8,0.085,0.702,0.963,1.906
8, 8,0.039,0.39,1.208,1.47
8, 8,0.078,0.843,2.838,3.537
8, 8,0.052,1.095,3.004,5.028
8, 8,0.033,0.11,1.128,1.17
8, 8,0.28,0.809,0.955,1.108
8, 8,0.096,0.729,1.298,1.784
8, 8,0.797,2.283,3.355,5.294
8, 8,0.061,0.18,0.812,1.051
8, 8,0.04,0.346,0.729,1.238
8, 8,0.027,0.79,1.251,3.049
8, 8,0.032,0.288,0.767,0.872
8, 8,0.041,0.302,0.824,1.388
8, 8,0.202,0.626,1.193,1.548
8, 8,0.027,0.438,0.937,1.63
8, 8,0.028,0.041,0.651,0.981
8, 8,0.031,0.155,1.239,3.355
8, 8,0.052,0.801,1.147,1.885
8, 8,0.048,0.645,0.979,1.875
8, 8,0.181,1.064,3.274,4.025
8, 8,0.033,0.454,0.735,1.275
8, 8,0.302,2.356,5.83,9.546
8, 8,0.053,0.411,0.958,3.225
8, 8,0.042,0.734,2.852,3.493
8, 8,0.051,0.473,0.818,1.298
8, 8,0.038,0.436,2.727,4.918
8, 8,0.044,0.727,2.683,3.77
8, 8,0.233,1.149,1.609,2.74
8, 8,0.03,0.197,0.599,0.705
8, 9,0.035,0.805,3.154,5.064
8, 9,0.061,0.873,3.581,8.899
8, 9,0.457,4.202,24.487,59.656
8, 9,0.734,6.371,30.22,61.423
8, 9,0.315,3.308,21.729,89.081
8, 9,0.085,5.852,39.278,98.027
8, 9,0.262,3.99,53.7,237.145
8, 9,0.341,4.017,27.872,102.384
8, 9,0.094,1.426,5.622,11.029
8, 9,0.128,3.107,11.496,27.914
8, 9,0.131,0.968,5.071,23.87
8, 9,0.275,2.548,4.914,9.552
8, 9,0.093,0.876,3.147,5.325
8, 9,1.216,6.363,17.527,29.228
8, 9,0.412,6.158,74.334,237.93
8, 9,0.04,0.837,3.037,5.697
8, 9,0.178,4.031,19.341,57.61
8, 9,0.387,3.127,11.699,24.313
8, 9,0.264,1.841,3.12,7.229
8, 9,0.074,0.934,3.983,13.604
8, 9,0.287,2.279,4.499,11.453
8, 9,0.795,3.472,16.233,32.498
8, 9,0.301,11.097,57.959,330.073
8, 9,0.139,3.227,11.951,19.28
8, 9,0.037,0.891,2.938,4.598
8, 9,0.481,7.155,52.158,139.685
8, 9,0.2,1.344,8.821,21.925
8, 9,0.327,2.811,7.177,21.68
8, 9,0.488,3.741,9.894,15.613
8, 9,0.379,3.475,33.93,110.817
8, 9,0.254,1.356,4.256,10.877
8, 9,0.043,0.914,3.309,4.748
8, 9,0.037,0.23,1.24,5.694
8, 9,0.339,2.736,7.432,12.226
8, 9,0.195,4.711,46.75,148.195
8, 9,0.395,13.434,176.231,1326.148
8, 9,0.285,4.346,22.073,68.011
8, 9,0.28,3.394,10.056,20.087
8, 9,0.143,0.916,3.141,6.217
8, 9,0.181,3.216,11.032,29.359
8, 9,0.191,1.282,13.544,25.777
8, 9,0.066,0.915,3.164,7.815
8, 9,0.302,4.054,62.915,373.906
8, 9,0.067,0.694,1.512,4.338
8, 9,0.04,1.119,4.448,16.832
8, 9,0.278,4.99,34.44,92.073
8, 9,0.811,6.201,19.255,70.282
8, 9,0.05,1.163,3.986,13.196
8, 9,0.236,2.751,12.478,28.984
8, 9,0.063,1.011,4.479,5.498
8, 9,0.241,4.081,12.094,33.128
8, 9,0.139,1.429,3.824,4.588
8, 9,0.053,0.725,1.483,3.367
8, 9,0.553,4.472,54.502,305.52
8, 9,0.128,1.524,4.109,6.063
8, 9,0.252,2.931,8.911,23.287
8, 9,0.073,1.435,4.924,8.376
8, 9,0.305,8.188,95.938,709.696
8, 9,0.099,0.98,1.907,4.481
8, 9,0.053,0.654,3.901,5.785
8, 9,0.037,0.135,1.147,2.856
8, 9,0.342,2.291,5.9,19.681
8, 9,0.08,1.265,3.009,6.131
8, 9,1.422,6.212,15.065,32.871
8, 9,0.242,1.457,3.256,5.1
8, 9,0.243,4.663,12.559,18.734
8, 9,0.038,0.606,1.28,2.256
8, 9,0.284,1.128,9.975,22.762
8, 9,0.151,0.602,0.941,1.437
8, 9,0.465,4.756,15.886,24.63
8, 9,0.095,0.935,3.227,5.765
8, 9,0.038,0.941,7.894,29.527
8, 9,0.436,3.473,4.951,8.028
8, 9,0.392,3.118,14.709,44.951
8, 9,0.132,4.036,19.952,46.483
8, 9,0.048,1.474,5.823,7.239
8, 9,0.448,5.122,15.457,36.089
8, 9,0.1,1.2,5.222,10.111
8, 9,0.122,0.997,4.565,15.361
8, 9,1.128,5.138,20.015,38.112
8, 9,0.072,1.534,6.311,17.045
8, 9,0.047,0.699,2.04,4.463
8, 9,0.149,3.049,4.478,5.653
8, 9,0.107,3.249,10.502,37.241
8, 9,0.342,3.744,20.946,88.636
8, 9,0.189,1.763,6.8,19.85
8, 9,2.472,23.361,78.613,134.948
8, 9,0.731,3.611,11.808,15.367
8, 9,0.381,16.573,159.455,801.039
8, 9,0.179,3.713,17.942,32.909
8, 9,0.163,1.115,4.582,14.282
8, 9,0.037,0.155,1.081,1.888
8, 9,0.059,0.224,1.122,1.638
8, 9,1.374,16.358,54.255,477.822
8, 9,0.176,0.998,4.757,15.413
8, 9,0.051,4.521,7.133,27.812
8, 9,0.128,2.687,6.048,11.949
8, 9,0.206,1.518,5.644,17.234
8, 9,0.231,3.163,10.173,21.328
8, 9,0.25,3.747,15.888,48.312
8,10,0.155,3.681,59.419,357.572
8,10,0.447,8.11,51.725,1892.821
8,10,1.594,5.532,20.223,38.806
8,10,0.631,11.791,39.778,91.246
8,10,0.189,8.641,85.472,383.476
8,10,1.029,88.904,2082.422,23752.564
8,10,1.011,9.325,28.664,125.566
8,10,4.023,52.49,377.66,841.896
8,10,0.528,8.512,13.715,63.145
8,10,1.291,30.975,387.439,1751.469
8,10,0.842,8.452,27.54,125.267
8,10,0.621,7.933,50.895,383.464
8,10,1.778,35.715,506.581,2453.223
8,10,0.764,9.437,100.758,401.301
8,10,1.639,6.852,30.143,115.834
8,10,1.182,9.635,19.699,61.648
8,10,0.517,7.862,98.845,967.584
8,10,0.517,24.795,55.698,594.917
8,10,0.334,4.942,11.265,34.713
8,10,1.511,36.48,484.949,3371.453
8,10,0.921,8.701,150.79,844.079
8,10,0.813,98.225,188.832,228.988
8,10,0.768,28.486,308.278,3224.692
8,10,0.455,9.474,66.853,558.406
8,10,0.32,9.964,80.168,598.387
8,10,0.131,2.527,11.422,17.25
8,10,0.548,65.267,417.007,3188.78
8,10,1.023,55.925,1768.631,12063.844
8,10,0.186,7.082,37.165,210.995
8,10,0.383,5.931,48.361,193.224
8,10,0.453,6.438,22.391,55.906
8,10,0.174,7.173,58.447,393.146
8,10,1.064,11.392,74.982,317.99
8,10,2.489,185.664,1910.143,26141.314
8,10,0.266,1.954,7.894,27.675
8,10,0.92,23.478,283.604,1257.527
8,10,0.322,10.428,23.413,63.628
8,10,0.675,16.868,265.498,1371.195
8,10,0.951,14.584,152.108,1479.312
8,10,0.495,7.765,32.315,105.021
8,10,0.772,10.05,29.282,95.967
8,10,3.908,138.049,4093.783,40582.063
8,10,0.95,14.512,112.183,904.956
8,10,0.988,14.707,49.822,214.434
8,10,1.48,15.717,62.127,216.203
8,10,0.11,4.946,17.668,41.221
8,10,2.382,61.401,1998.898,9027.522
8,10,0.894,24.928,302.933,1525.066
8,10,1.021,8.242,52.94,269.263
8,10,0.298,8.626,15.652,57.703
8,10,0.531,11.258,228.794,1550.954
8,10,0.898,40.441,343.515,1144.185
8,10,0.396,6.207,13.078,68.403
8,10,0.388,13.787,107.003,1323.545
8,10,0.624,33.363,78.031,335.775
8,10,0.972,6.275,12.969,40.514
8,10,1.312,36.402,182.747,2403.031
8,10,1.751,21.356,72.161,294.125
8,10,0.405,9.297,42.345,122.958
8,10,0.377,10.49,91.101,787.954
8,10,3.612,18.622,356.049,2205.598
8,10,8.697,256.719,2120.595,11074.745
8,10,0.187,14.342,80.002,517.753
8,10,4.537,35.306,219.263,2781.676
8,10,0.263,14.701,71.811,1054.78
8,10,3.948,14.342,120.091,276.011
8,10,0.4,16.092,100,739.093
8,10,2.348,12.282,26.503,115.07
8,10,1.103,10.428,42.019,223.508
8,10,1.089,15.904,148.169,660.951
8,10,1.15,11.006,29.807,137.25
8,10,0.885,31.311,302.793,1590.535
8,10,0.613,11.517,34.019,123.193
8,10,0.309,24.738,235.068,2256.479
8,10,1.068,34.179,243.094,790.109
8,10,0.621,14.833,98.153,429.977
8,10,0.871,22.173,272.437,1727.531
8,10,3.005,47.925,902.891,5800.575
8,10,0.921,22.194,128.693,828.991
8,10,1.301,15.081,59.144,404.745
8,10,0.745,7.667,23.205,52.569
8,10,0.798,41.108,506.402,2731.58
8,10,11.112,125.012,394.362,1369.321
8,10,0.961,83.56,127.67,250.82
8,10,1.047,81.573,198.902,384.026
8,10,1.271,12.846,168.775,627.364
8,10,0.47,7.199,64.265,441.164
8,10,1.888,19.112,575.943,1951.338
8,10,1.57,12.185,33.798,105.637
8,10,0.992,11.202,575.49,2401.133
8,10,0.44,8.276,97.223,445.752
8,10,1.122,38.109,310.948,1761.469
8,10,0.68,10.277,34.024,55.809
8,10,1.126,13.981,268.776,1434.018
8,10,1.229,51.457,745.867,5490.911
8,10,0.4,4.79,23.551,47.886
8,10,1.119,27.478,331.723,1437.414
8,10,4.468,100.665,2075.614,57164.836
8,10,2.828,42.024,292.86,2614.482
8,10,5.066,16.033,25.756,43.425
